List Item,Type,Hash,Node Name,Content,Page Number,Location
"""1. Licensed banks""",List Item,8e566498b544738bed116da5b64c0ac9,1. Licensed banks_8e566498b544738bed116da5b64c0ac9,"""1. Licensed banks""",1,"""{'left': 0.12100257724523544, 'top': 0.7587288618087769, 'width': 0.1460762768983841, 'height': 0.009737404994666576, 'page': 1}"""
"""2. Licensed investment banks""",List Item,c7ab709a7657a54de7399fce9323160b,2. Licensed investment banks_c7ab709a7657a54de7399fce9323160b,"""2. Licensed investment banks""",1,"""{'left': 0.12080893665552139, 'top': 0.772258460521698, 'width': 0.2317012995481491, 'height': 0.009821098297834396, 'page': 1}"""
"""3. Licensed Islamic banks""",List Item,e75c47dd3ddb1599908cfb9c0ef32d94,3. Licensed Islamic banks_e75c47dd3ddb1599908cfb9c0ef32d94,"""3. Licensed Islamic banks""",1,"""{'left': 0.12071622163057327, 'top': 0.7860229015350342, 'width': 0.20301619172096252, 'height': 0.00954632181674242, 'page': 1}"""
"""4. Licensed international Islamic banks""",List Item,ca14823219197534229c5eafe5e7452a,4. Licensed international Islamic banks_ca14823219197534229c5eafe5e7452a,"""4. Licensed international Islamic banks""",1,"""{'left': 0.12042172998189926, 'top': 0.7995626330375671, 'width': 0.299201101064682, 'height': 0.00985204428434372, 'page': 1}"""
"""5. Licensed insurers""",List Item,aaa40efce399ef3e45a68235c8df47ca,5. Licensed insurers_aaa40efce399ef3e45a68235c8df47ca,"""5. Licensed insurers""",1,"""{'left': 0.12042984366416931, 'top': 0.8133823275566101, 'width': 0.16117043793201447, 'height': 0.00967842061072588, 'page': 1}"""
"""6. Licensed takaful operators""",List Item,cfefe76edd85243d7d6df91bd3f9bb4a,6. Licensed takaful operators_cfefe76edd85243d7d6df91bd3f9bb4a,"""6. Licensed takaful operators""",1,"""{'left': 0.12074051797389984, 'top': 0.8270477056503296, 'width': 0.22597679495811462, 'height': 0.011765471659600735, 'page': 1}"""
"""7. Prescribed development financial institutions""",List Item,a4d4da9210eca5e36e819978d3dc2e18,7. Prescribed development financial institutions_a4d4da9210eca5e36e819978d3dc2e18,"""7. Prescribed development financial institutions""",1,"""{'left': 0.1208493709564209, 'top': 0.8404426574707031, 'width': 0.36011213064193726, 'height': 0.012080525979399681, 'page': 1}"""
"""8. Financial holding companies""",List Item,c1b499c9f30077132edf2f40a4d0486a,8. Financial holding companies_c1b499c9f30077132edf2f40a4d0486a,"""8. Financial holding companies""",1,"""{'left': 0.12085738033056259, 'top': 0.8540695905685425, 'width': 0.24105556309223175, 'height': 0.012253958731889725, 'page': 1}"""
"""- 1.1 A strong compliance culture reflects a corporate culture of high ethical standards and integrity in which the board and senior management lead by example. A financial institution should hold itself to high standards in carrying on business, and at all times observe both the spirit and the letter of the law and regulations. Failure to effectively manage compliance risk may result in adverse consequences for the financial institution's customers, shareholders, officers and the financial institution itself.""",List Item,1fe85abd327658de88e7eed861b59a93,- 1.1 A strong compliance culture reflects a corpo..._1fe85abd327658de88e7eed861b59a93,"""- 1.1 A strong compliance culture reflects a corporate culture of high ethical standards and integrity in which the board and senior management lead by example. A financial institution should hold itself to high standards in carrying on business, and at all times observe both the spirit and the letter of the law and regulations. Failure to effectively manage compliance risk may result in adverse consequences for the financial institution's customers, shareholders, officers and the financial institution itself.""",3,"""{'left': 0.12111280113458633, 'top': 0.1769360452890396, 'width': 0.75904780626297, 'height': 0.10973010957241058, 'page': 3}"""
"""- 1.2 Compliance is the responsibility of all officers within a financial institution. All business lines and functions within a financial institution must carry out their responsibilities to ensure the effective management of compliance risk:""",List Item,8e4957b264318bac04936656a90a0ba9,- 1.2 Compliance is the responsibility of all offi..._8e4957b264318bac04936656a90a0ba9,"""- 1.2 Compliance is the responsibility of all officers within a financial institution. All business lines and functions within a financial institution must carry out their responsibilities to ensure the effective management of compliance risk:""",3,"""{'left': 0.12017422169446945, 'top': 0.3078750669956207, 'width': 0.7605350613594055, 'height': 0.046766217797994614, 'page': 3}"""
"""	(a) business lines, through appropriate managerial and supervisory controls, are primarily responsible for managing compliance risk inherent in the day-to-day activities, processes and systems of the financial institution for which they are accountable;""",List Item,aa6db5effccbcdda0d2a388add878dea,"(a) business lines, through appropriate managerial..._aa6db5effccbcdda0d2a388add878dea","""	(a) business lines, through appropriate managerial and supervisory controls, are primarily responsible for managing compliance risk inherent in the day-to-day activities, processes and systems of the financial institution for which they are accountable;""",3,"""{'left': 0.17940425872802734, 'top': 0.35704168677330017, 'width': 0.7000035047531128, 'height': 0.06341223418712616, 'page': 3}"""
"""	(b) the compliance function is responsible for ensuring that controls to manage compliance risk are adequate and operating as intended. It is also responsible for assessing and monitoring of compliance risk faced by the financial institution; and""",List Item,2f0521d53dccc764d10d0fe11ff0ac01,(b) the compliance function is responsible for ens..._2f0521d53dccc764d10d0fe11ff0ac01,"""	(b) the compliance function is responsible for ensuring that controls to manage compliance risk are adequate and operating as intended. It is also responsible for assessing and monitoring of compliance risk faced by the financial institution; and""",3,"""{'left': 0.17893588542938232, 'top': 0.4223610460758209, 'width': 0.7006874084472656, 'height': 0.06355337798595428, 'page': 3}"""
"""	(c) the internal audit function is responsible for providing independent assurance to the board and senior management on the quality and effectiveness of the institution's overall internal controls, risk management and governance systems and processes, including those instituted by the compliance function.""",List Item,3d5c19783ee188932866900521511773,(c) the internal audit function is responsible for..._3d5c19783ee188932866900521511773,"""	(c) the internal audit function is responsible for providing independent assurance to the board and senior management on the quality and effectiveness of the institution's overall internal controls, risk management and governance systems and processes, including those instituted by the compliance function.""",3,"""{'left': 0.1791737675666809, 'top': 0.4880898892879486, 'width': 0.7014800906181335, 'height': 0.07992033660411835, 'page': 3}"""
"""- 1.3 The objective of the requirements in this policy document is to promote the safety and soundness of financial institutions by minimising financial, reputational and operational risks arising from legal and regulatory non- compliance.""",List Item,b2f33c96a70a6b86a624f687d52da060,- 1.3 The objective of the requirements in this po..._b2f33c96a70a6b86a624f687d52da060,"""- 1.3 The objective of the requirements in this policy document is to promote the safety and soundness of financial institutions by minimising financial, reputational and operational risks arising from legal and regulatory non- compliance.""",3,"""{'left': 0.12032315135002136, 'top': 0.5866928100585938, 'width': 0.7598702907562256, 'height': 0.06358487159013748, 'page': 3}"""
"""- 1.4 This policy document sets out the following:""",List Item,269ea6bee92395c2c67aabfba4d43863,- 1.4 This policy document sets out the following:_269ea6bee92395c2c67aabfba4d43863,"""- 1.4 This policy document sets out the following:""",3,"""{'left': 0.1207701712846756, 'top': 0.6682484745979309, 'width': 0.44584012031555176, 'height': 0.014402422122657299, 'page': 3}"""
"""	(a) expectations on the board and senior management to oversee and ensure the effective management of compliance risk, including the establishment of a compliance function and the position of chief compliance officer; and""",List Item,36f027fff579532b48b9bc7c519543c9,(a) expectations on the board and senior managemen..._36f027fff579532b48b9bc7c519543c9,"""	(a) expectations on the board and senior management to oversee and ensure the effective management of compliance risk, including the establishment of a compliance function and the position of chief compliance officer; and""",3,"""{'left': 0.17877770960330963, 'top': 0.684916615486145, 'width': 0.7020277380943298, 'height': 0.0630277693271637, 'page': 3}"""
"""	(b) key features and responsibilities of the compliance function to support the effective management of compliance risk.""",List Item,3edd534679d9bc593dbec70756b7d16a,(b) key features and responsibilities of the compl..._3edd534679d9bc593dbec70756b7d16a,"""	(b) key features and responsibilities of the compliance function to support the effective management of compliance risk.""",3,"""{'left': 0.17881371080875397, 'top': 0.7503606677055359, 'width': 0.7010212540626526, 'height': 0.03089870698750019, 'page': 3}"""
"""2.1 This policy document is applicable to all financial institutions as defined in paragraph 5.2.""",List Item,1cc747588ddb4be5060534dd2d53eaba,2.1 This policy document is applicable to all fina..._1cc747588ddb4be5060534dd2d53eaba,"""2.1 This policy document is applicable to all financial institutions as defined in paragraph 5.2.""",3,"""{'left': 0.11841320991516113, 'top': 0.8405775427818298, 'width': 0.7607248425483704, 'height': 0.03080081008374691, 'page': 3}"""
"""- 3.1 This policy document is issued pursuant to-""",List Item,93821d7a1549969906a9b5ab85765cf7,- 3.1 This policy document is issued pursuant to-_93821d7a1549969906a9b5ab85765cf7,"""- 3.1 This policy document is issued pursuant to-""",4,"""{'left': 0.11908214539289474, 'top': 0.14156953990459442, 'width': 0.4505580961704254, 'height': 0.014223375357687473, 'page': 4}"""
"""	(a) section 47(1), section 115 and section 266 of the Financial Services Act 2013 (FSA);""",List Item,8546721fb27301e60f17a33d0824ee07,"(a) section 47(1), section 115 and section 266 of ..._8546721fb27301e60f17a33d0824ee07","""	(a) section 47(1), section 115 and section 266 of the Financial Services Act 2013 (FSA);""",4,"""{'left': 0.17899633944034576, 'top': 0.1573479026556015, 'width': 0.7015872597694397, 'height': 0.03092840500175953, 'page': 4}"""
"""	(b) section 57(1), section 127 and section 277 of the Islamic Financial Services Act 2013 (IFSA); and""",List Item,651e2ee61def99a52a3e8b17f8a3a233,"(b) section 57(1), section 127 and section 277 of ..._651e2ee61def99a52a3e8b17f8a3a233","""	(b) section 57(1), section 127 and section 277 of the Islamic Financial Services Act 2013 (IFSA); and""",4,"""{'left': 0.17881277203559875, 'top': 0.19049611687660217, 'width': 0.7008659839630127, 'height': 0.030854007229208946, 'page': 4}"""
"""	(c) section 41 and section 126 of the Development Financial Institutions Act 2002 (DFIA).""",List Item,e50160d88679511b87ea0eb3fad1382a,(c) section 41 and section 126 of the Development ..._e50160d88679511b87ea0eb3fad1382a,"""	(c) section 41 and section 126 of the Development Financial Institutions Act 2002 (DFIA).""",4,"""{'left': 0.17903223633766174, 'top': 0.2229520082473755, 'width': 0.7015724778175354, 'height': 0.030901286751031876, 'page': 4}"""
"""4.1 This policy document comes into effect on 1 January 2017.""",List Item,d21549642be68dac6c5b21d17a6f76a9,4.1 This policy document comes into effect on 1 Ja..._d21549642be68dac6c5b21d17a6f76a9,"""4.1 This policy document comes into effect on 1 January 2017.""",4,"""{'left': 0.1181744709610939, 'top': 0.3149468004703522, 'width': 0.585599422454834, 'height': 0.014152798801660538, 'page': 4}"""
"""- 5.1 The terms and expressions used in this policy document shall have the same meanings assigned to them in the FSA, IFSA or DFIA, as the case may be, unless otherwise defined in this policy document.""",List Item,2e9a072f3c5de7debfc9ef4f305feb15,- 5.1 The terms and expressions used in this polic..._2e9a072f3c5de7debfc9ef4f305feb15,"""- 5.1 The terms and expressions used in this policy document shall have the same meanings assigned to them in the FSA, IFSA or DFIA, as the case may be, unless otherwise defined in this policy document.""",4,"""{'left': 0.11780107021331787, 'top': 0.3889404833316803, 'width': 0.7615733742713928, 'height': 0.047034282237291336, 'page': 4}"""
"""- 5.2 For the purpose of this policy document-""",List Item,e4308cee3126ddd2a949650aeb69a368,- 5.2 For the purpose of this policy document-_e4308cee3126ddd2a949650aeb69a368,"""- 5.2 For the purpose of this policy document-""",4,"""{'left': 0.11813836544752121, 'top': 0.454672247171402, 'width': 0.42408713698387146, 'height': 0.014119332656264305, 'page': 4}"""
"""	- """"S"""" denotes a standard, an obligation, a requirement, specification, direction, condition and any interpretative, supplemental and transitional provisions that must be complied with. Non-compliance may result in enforcement action;""",List Item,a5d80e8ee4019a4ed291511422365b57,"- """"S"""" denotes a standard, an obligation, a requi..._a5d80e8ee4019a4ed291511422365b57","""	- """"S"""" denotes a standard, an obligation, a requirement, specification, direction, condition and any interpretative, supplemental and transitional provisions that must be complied with. Non-compliance may result in enforcement action;""",4,"""{'left': 0.1786724478006363, 'top': 0.48712316155433655, 'width': 0.7020645141601562, 'height': 0.04721923545002937, 'page': 4}"""
"""	- """"G"""" denotes guidance which may consist of statements or information intended to promote common understanding and advice or recommendations that are encouraged to be adopted;""",List Item,97413cac446b632a7e794741c8635f88,"- """"G"""" denotes guidance which may consist of stat..._97413cac446b632a7e794741c8635f88","""	- """"G"""" denotes guidance which may consist of statements or information intended to promote common understanding and advice or recommendations that are encouraged to be adopted;""",4,"""{'left': 0.17901082336902618, 'top': 0.5525617599487305, 'width': 0.7008165121078491, 'height': 0.04725585877895355, 'page': 4}"""
"""	- """"board"""" means the board of directors of a financial institution, including a committee of the board where the responsibilities of the board set out in this policy document have been delegated to such a committee;""",List Item,9f09747a4eeb2a3e5fe7461a6a2aef98,"- """"board"""" means the board of directors of a fina..._9f09747a4eeb2a3e5fe7461a6a2aef98","""	- """"board"""" means the board of directors of a financial institution, including a committee of the board where the responsibilities of the board set out in this policy document have been delegated to such a committee;""",4,"""{'left': 0.1790466010570526, 'top': 0.6179591417312622, 'width': 0.7007716298103333, 'height': 0.04766383394598961, 'page': 4}"""
"""	- """"senior management"""" refers to the chief executive officer and senior officers of a financial institution;""",List Item,8c591529ff488c056efaee07f98b85d2,"- """"senior management"""" refers to the chief execut..._8c591529ff488c056efaee07f98b85d2","""	- """"senior management"""" refers to the chief executive officer and senior officers of a financial institution;""",4,"""{'left': 0.1785781979560852, 'top': 0.6836715936660767, 'width': 0.700955331325531, 'height': 0.030112670734524727, 'page': 4}"""
"""	- """"chief compliance officer"""" or """"CCO"""" means the senior officer of a financial institution, however styled, who is the central point of authority for a financial institution's compliance matters and is responsible for providing an institution- wide view on the management of compliance risk;""",List Item,bbc0a34a2eeb44edb2dcad0aa6f5a967,"- """"chief compliance officer"""" or """"CCO"""" means th..._bbc0a34a2eeb44edb2dcad0aa6f5a967","""	- """"chief compliance officer"""" or """"CCO"""" means the senior officer of a financial institution, however styled, who is the central point of authority for a financial institution's compliance matters and is responsible for providing an institution- wide view on the management of compliance risk;""",4,"""{'left': 0.1781005710363388, 'top': 0.7325324416160583, 'width': 0.7019604444503784, 'height': 0.06406029313802719, 'page': 4}"""
"""	- """"compliance function"""" refers to officers carrying out compliance function responsibilities of a financial institution, as described in paragraphs 8.4 to 8.11, including the CCO;""",List Item,bbba75c05798bba059a8269b624befcb,"- """"compliance function"""" refers to officers carry..._bbba75c05798bba059a8269b624befcb","""	- """"compliance function"""" refers to officers carrying out compliance function responsibilities of a financial institution, as described in paragraphs 8.4 to 8.11, including the CCO;""",4,"""{'left': 0.17794381082057953, 'top': 0.8148015737533569, 'width': 0.7019047737121582, 'height': 0.04748600348830223, 'page': 4}"""
"""""""compliance risk"""" means the risk of legal or regulatory sanctions, financial loss or reputational damage which a financial institution may suffer as a result of its failure to comply with legal and regulatory requirements applicable to its activities;""",List Item,81c3b3868b98b8eeeb9a03516cef2c6f,"""""compliance risk"""" means the risk of legal or reg..._81c3b3868b98b8eeeb9a03516cef2c6f","""""""compliance risk"""" means the risk of legal or regulatory sanctions, financial loss or reputational damage which a financial institution may suffer as a result of its failure to comply with legal and regulatory requirements applicable to its activities;""",5,"""{'left': 0.17807136476039886, 'top': 0.10046921670436859, 'width': 0.7022857666015625, 'height': 0.06217031925916672, 'page': 5}"""
"""""""control function"""" refers to a function that has a responsibility independent from business lines to provide objective assessment, reporting or assurance. This includes the risk management function, the compliance function and the internal audit function;""",List Item,0736349a3eeeca737bffdc3b2bf213ad,"""""control function"""" refers to a function that has..._0736349a3eeeca737bffdc3b2bf213ad","""""""control function"""" refers to a function that has a responsibility independent from business lines to provide objective assessment, reporting or assurance. This includes the risk management function, the compliance function and the internal audit function;""",5,"""{'left': 0.17759442329406738, 'top': 0.18199171125888824, 'width': 0.7028675079345703, 'height': 0.06298412382602692, 'page': 5}"""
"""""""financial institution"""" means-""",List Item,b105626f9b782c6c754a871d073d1fa2,"""""financial institution"""" means-_b105626f9b782c6c754a871d073d1fa2","""""""financial institution"""" means-""",5,"""{'left': 0.179068922996521, 'top': 0.2640591859817505, 'width': 0.28173941373825073, 'height': 0.011669202707707882, 'page': 5}"""
"""(a) a licensed person under the FSA;""",List Item,3973d4896f7e9015416433eb2bae41a6,(a) a licensed person under the FSA;_3973d4896f7e9015416433eb2bae41a6,"""(a) a licensed person under the FSA;""",5,"""{'left': 0.1792360097169876, 'top': 0.28047624230384827, 'width': 0.34744659066200256, 'height': 0.014476659707725048, 'page': 5}"""
"""(b) a licensed person under the IFSA;""",List Item,8da7a466cc46e868c26f4d438daddf5f,(b) a licensed person under the IFSA;_8da7a466cc46e868c26f4d438daddf5f,"""(b) a licensed person under the IFSA;""",5,"""{'left': 0.17874068021774292, 'top': 0.2971942722797394, 'width': 0.35356107354164124, 'height': 0.014434373006224632, 'page': 5}"""
"""(c) a development financial institution prescribed under the DFIA; and""",List Item,a1f1cdfe715f535bdfb95fb79ab33f80,(c) a development financial institution prescribed..._a1f1cdfe715f535bdfb95fb79ab33f80,"""(c) a development financial institution prescribed under the DFIA; and""",5,"""{'left': 0.1787496954202652, 'top': 0.3130134344100952, 'width': 0.6377584934234619, 'height': 0.014633667655289173, 'page': 5}"""
"""(d) a financial holding company;""",List Item,54bc325354e2604fe475debb2accc66d,(d) a financial holding company;_54bc325354e2604fe475debb2accc66d,"""(d) a financial holding company;""",5,"""{'left': 0.17875897884368896, 'top': 0.32942962646484375, 'width': 0.3028067946434021, 'height': 0.014723751693964005, 'page': 5}"""
"""""""large financial institution"""" means-""",List Item,cf470dbaa3d86489f654feed03a52e0e,"""""large financial institution"""" means-_cf470dbaa3d86489f654feed03a52e0e","""""""large financial institution"""" means-""",5,"""{'left': 0.17933759093284607, 'top': 0.36216479539871216, 'width': 0.3347024917602539, 'height': 0.014356452040374279, 'page': 5}"""
"""(a) a financial institution with one or more business lines that are significant in terms of market share in the relevant industry; or""",List Item,7ad460fa67691c09e7392b0a904eb884,(a) a financial institution with one or more busin..._7ad460fa67691c09e7392b0a904eb884,"""(a) a financial institution with one or more business lines that are significant in terms of market share in the relevant industry; or""",5,"""{'left': 0.17878688871860504, 'top': 0.3784566819667816, 'width': 0.7019776105880737, 'height': 0.03095119073987007, 'page': 5}"""
"""(b) a financial institution with a large network of offices within or outside the country through operations of branches and subsidiaries;""",List Item,76dc71acf2c293a3008baaab419fc4b3,(b) a financial institution with a large network o..._76dc71acf2c293a3008baaab419fc4b3,"""(b) a financial institution with a large network of offices within or outside the country through operations of branches and subsidiaries;""",5,"""{'left': 0.17860287427902222, 'top': 0.4099881947040558, 'width': 0.7006245851516724, 'height': 0.03212592378258705, 'page': 5}"""
"""""""legal and regulatory requirements"""" means all laws, rules, standards and regulatory requirements (including any ruling of the Shariah Advisory Council) relevant to a financial institution's activities in all jurisdictions in which the financial institution, or any of its branches or subsidiaries, conducts activities.""",List Item,6f56b48a67c0ccddda50f9305fb82471,"""""legal and regulatory requirements"""" means all la..._6f56b48a67c0ccddda50f9305fb82471","""""""legal and regulatory requirements"""" means all laws, rules, standards and regulatory requirements (including any ruling of the Shariah Advisory Council) relevant to a financial institution's activities in all jurisdictions in which the financial institution, or any of its branches or subsidiaries, conducts activities.""",5,"""{'left': 0.1776471585035324, 'top': 0.4606141746044159, 'width': 0.7024182081222534, 'height': 0.06338270008563995, 'page': 5}"""
"""- G""",List Item,a7195539e2fae05dbd3047f7f08fdb32,- G_a7195539e2fae05dbd3047f7f08fdb32,"""- G""",6,"""{'left': 0.05983907729387283, 'top': 0.17693382501602173, 'width': 0.014995058067142963, 'height': 0.011369501240551472, 'page': 6}"""
"""	- 6.1 The board and senior management assume primary roles in fostering a strong compliance culture within a financial institution by ensuring that officers understand their responsibilities in respect of compliance and feel comfortable raising concerns without fear of retaliation. In this respect, the board and senior management should create an environment which not only ensures that the financial institution and its officers comply with legal and regulatory requirements, but also encourages the ethical conduct that underlies such requirements.""",List Item,6721498b06a5e20843f8fdc810bfb0dd,- 6.1 The board and senior management assume prima..._6721498b06a5e20843f8fdc810bfb0dd,"""	- 6.1 The board and senior management assume primary roles in fostering a strong compliance culture within a financial institution by ensuring that officers understand their responsibilities in respect of compliance and feel comfortable raising concerns without fear of retaliation. In this respect, the board and senior management should create an environment which not only ensures that the financial institution and its officers comply with legal and regulatory requirements, but also encourages the ethical conduct that underlies such requirements.""",6,"""{'left': 0.10139212012290955, 'top': 0.17579102516174316, 'width': 0.7849822044372559, 'height': 0.13098284602165222, 'page': 6}"""
"""	- Responsibilities of the board""",List Item,adcb84f89b4f466b92b89d1efefee0d5,- Responsibilities of the board_adcb84f89b4f466b92b89d1efefee0d5,"""	- Responsibilities of the board""",6,"""{'left': 0.11587513238191605, 'top': 0.32429447770118713, 'width': 0.276449590921402, 'height': 0.0143534941598773, 'page': 6}"""
"""- S 6.2 The board is responsible for overseeing the management of a financial institution's compliance risk. In order to fulfil this duty, the board must-""",List Item,abaaf165aa28cb805e552bdf56c742cb,- S 6.2 The board is responsible for overseeing th..._abaaf165aa28cb805e552bdf56c742cb,"""- S 6.2 The board is responsible for overseeing the management of a financial institution's compliance risk. In order to fulfil this duty, the board must-""",6,"""{'left': 0.06075825169682503, 'top': 0.3396010100841522, 'width': 0.8247682452201843, 'height': 0.03217732533812523, 'page': 6}"""
"""			(a) approve the financial institution's compliance policy and oversee its implementation;""",List Item,8dd62aa20b787b91a9f51c9a601c75ce,(a) approve the financial institution's compliance..._8dd62aa20b787b91a9f51c9a601c75ce,"""			(a) approve the financial institution's compliance policy and oversee its implementation;""",6,"""{'left': 0.1763918697834015, 'top': 0.37286892533302307, 'width': 0.7090996503829956, 'height': 0.03232574462890625, 'page': 6}"""
"""			(b) approve the establishment of the compliance function and the position of the CCO, and ensure that the compliance function and the CCO are provided with appropriate standing, authority and independence;""",List Item,57b68974c3641a0206158b505874099a,(b) approve the establishment of the compliance fu..._57b68974c3641a0206158b505874099a,"""			(b) approve the establishment of the compliance function and the position of the CCO, and ensure that the compliance function and the CCO are provided with appropriate standing, authority and independence;""",6,"""{'left': 0.17584176361560822, 'top': 0.4053334891796112, 'width': 0.7106797099113464, 'height': 0.04894260689616203, 'page': 6}"""
"""			(c) discuss compliance issues regularly, ensuring that adequate time and priority is provided in the board agenda to deliberate compliance issues and that such issues are resolved effectively and expeditiously; and""",List Item,bd58dd9d91f61c73aa0f7e2787df7efc,"(c) discuss compliance issues regularly, ensuring ..._bd58dd9d91f61c73aa0f7e2787df7efc","""			(c) discuss compliance issues regularly, ensuring that adequate time and priority is provided in the board agenda to deliberate compliance issues and that such issues are resolved effectively and expeditiously; and""",6,"""{'left': 0.1759977489709854, 'top': 0.45508065819740295, 'width': 0.7097911834716797, 'height': 0.047742150723934174, 'page': 6}"""
"""			(d) at least annually, evaluate the effectiveness of the financial institution's overall management of compliance risk, having regard to the assessments of senior management and internal audit, as well as interactions with the CCO.""",List Item,9f2038e36b8dcb97086aaeb6b84efe18,"(d) at least annually, evaluate the effectiveness ..._9f2038e36b8dcb97086aaeb6b84efe18","""			(d) at least annually, evaluate the effectiveness of the financial institution's overall management of compliance risk, having regard to the assessments of senior management and internal audit, as well as interactions with the CCO.""",6,"""{'left': 0.1759381890296936, 'top': 0.5038753151893616, 'width': 0.7096222043037415, 'height': 0.06233649700880051, 'page': 6}"""
"""- S 6.3 In relation to the position of the CCO, the board must-""",List Item,d9432f9931c5bf206db8317a67e69052,"- S 6.3 In relation to the position of the CCO, th..._d9432f9931c5bf206db8317a67e69052","""- S 6.3 In relation to the position of the CCO, the board must-""",6,"""{'left': 0.06103527918457985, 'top': 0.5862206220626831, 'width': 0.5991724133491516, 'height': 0.015304873697459698, 'page': 6}"""
"""			(a) approve the appointment, remuneration and termination of the CCO¹;""",List Item,f5abf05a077c9b80dd1a4a0a793064c8,"(a) approve the appointment, remuneration and term..._f5abf05a077c9b80dd1a4a0a793064c8","""			(a) approve the appointment, remuneration and termination of the CCO¹;""",6,"""{'left': 0.1766958236694336, 'top': 0.5993866324424744, 'width': 0.6646656394004822, 'height': 0.018738925457000732, 'page': 6}"""
"""			(b) ensure that the CCO has sufficient stature to allow for effective engagement with the CEO and other members of senior management;""",List Item,ade5bcb25050d514e6d10e163c1581ec,(b) ensure that the CCO has sufficient stature to ..._ade5bcb25050d514e6d10e163c1581ec,"""			(b) ensure that the CCO has sufficient stature to allow for effective engagement with the CEO and other members of senior management;""",6,"""{'left': 0.1758585274219513, 'top': 0.6184447407722473, 'width': 0.7091957926750183, 'height': 0.03256094083189964, 'page': 6}"""
"""			(c) engage with the CCO on a regular basis2 to provide the opportunity for the CCO to discuss issues faced by the compliance function;""",List Item,75d9df850bf8422349822accdcb9338e,(c) engage with the CCO on a regular basis2 to pro..._75d9df850bf8422349822accdcb9338e,"""			(c) engage with the CCO on a regular basis2 to provide the opportunity for the CCO to discuss issues faced by the compliance function;""",6,"""{'left': 0.17633239924907684, 'top': 0.6497385501861572, 'width': 0.7097852826118469, 'height': 0.033400438725948334, 'page': 6}"""
"""			(d) provide the CCO with direct and unimpeded access to the board;""",List Item,753739a7f2c2cf4c206b6e102cf20aca,(d) provide the CCO with direct and unimpeded acce..._753739a7f2c2cf4c206b6e102cf20aca,"""			(d) provide the CCO with direct and unimpeded access to the board;""",6,"""{'left': 0.17631620168685913, 'top': 0.684040367603302, 'width': 0.6268488168716431, 'height': 0.016215087845921516, 'page': 6}"""
"""			(e) ensure that the CCO is supported with sufficient resources, including competent officers, to perform his duties effectively; and""",List Item,b5cb66fa679baafeacc244e3dbe13938,(e) ensure that the CCO is supported with sufficie..._b5cb66fa679baafeacc244e3dbe13938,"""			(e) ensure that the CCO is supported with sufficient resources, including competent officers, to perform his duties effectively; and""",6,"""{'left': 0.1765880584716797, 'top': 0.7009099125862122, 'width': 0.7085263133049011, 'height': 0.03202107176184654, 'page': 6}"""
"""			(f) where the CCO also carries out responsibilities in respect of other control functions3, be satisfied that a sound overall control environment will not be compromised by the combination of responsibilities performed by the CCO.""",List Item,684a6af3d1c0785ec56eeb2cbe6c1644,(f) where the CCO also carries out responsibilitie..._684a6af3d1c0785ec56eeb2cbe6c1644,"""			(f) where the CCO also carries out responsibilities in respect of other control functions3, be satisfied that a sound overall control environment will not be compromised by the combination of responsibilities performed by the CCO.""",6,"""{'left': 0.17572243511676788, 'top': 0.7330474853515625, 'width': 0.7102076411247253, 'height': 0.06281856447458267, 'page': 6}"""
"""- S 6.4 Senior management is collectively responsible for the effective management of a financial institution's compliance risk. In discharging this responsibility, senior management must-""",List Item,4cd12c4a3ddeb6778b65630b4e624564,- S 6.4 Senior management is collectively responsi..._4cd12c4a3ddeb6778b65630b4e624564,"""- S 6.4 Senior management is collectively responsible for the effective management of a financial institution's compliance risk. In discharging this responsibility, senior management must-""",7,"""{'left': 0.06204609200358391, 'top': 0.11600108444690704, 'width': 0.8246763944625854, 'height': 0.04797389358282089, 'page': 7}"""
"""	(a) establish a written compliance policy and ensure that it is kept up to date;""",List Item,4b734f83a89aeb246dc8bef15b47b6f3,(a) establish a written compliance policy and ensu..._4b734f83a89aeb246dc8bef15b47b6f3,"""	(a) establish a written compliance policy and ensure that it is kept up to date;""",7,"""{'left': 0.17621400952339172, 'top': 0.16564875841140747, 'width': 0.7007591724395752, 'height': 0.015032551251351833, 'page': 7}"""
"""	(b) communicate the policy to all officers and ensure that appropriate remedial or disciplinary actions are taken if the compliance policy is breached;""",List Item,4606b79fb7b6a0c04ff96837b8140fd2,(b) communicate the policy to all officers and ens..._4606b79fb7b6a0c04ff96837b8140fd2,"""	(b) communicate the policy to all officers and ensure that appropriate remedial or disciplinary actions are taken if the compliance policy is breached;""",7,"""{'left': 0.1762147694826126, 'top': 0.18180802464485168, 'width': 0.7091675400733948, 'height': 0.047089241445064545, 'page': 7}"""
"""	(c) establish a compliance function commensurate with the size, nature of operations and complexity of the financial institution, having regard to the requirements in paragraphs 7 and 8;""",List Item,cd9d52958cf53b9295b73a9434cb2ba9,(c) establish a compliance function commensurate w..._cd9d52958cf53b9295b73a9434cb2ba9,"""	(c) establish a compliance function commensurate with the size, nature of operations and complexity of the financial institution, having regard to the requirements in paragraphs 7 and 8;""",7,"""{'left': 0.17621706426143646, 'top': 0.23106101155281067, 'width': 0.7100035548210144, 'height': 0.04741211608052254, 'page': 7}"""
"""	(d) provide sufficient resources for the compliance function, including officers with the appropriate competencies and experience;""",List Item,bc8b34fe51d9616562cdc72c0ca06cd7,(d) provide sufficient resources for the complianc..._bc8b34fe51d9616562cdc72c0ca06cd7,"""	(d) provide sufficient resources for the compliance function, including officers with the appropriate competencies and experience;""",7,"""{'left': 0.17621934413909912, 'top': 0.28022193908691406, 'width': 0.709068775177002, 'height': 0.03132227435708046, 'page': 7}"""
"""	(e) ensure that the compliance function is able to secure assistance from other functions with specific expertise (for example, legal, Shariah review or risk management) and has clear authority to engage with any officers and obtain access to relevant information for purposes of discharging its responsibilities;""",List Item,10dd1dfdaa45d1fca7a368814c9ebaac,(e) ensure that the compliance function is able to..._10dd1dfdaa45d1fca7a368814c9ebaac,"""	(e) ensure that the compliance function is able to secure assistance from other functions with specific expertise (for example, legal, Shariah review or risk management) and has clear authority to engage with any officers and obtain access to relevant information for purposes of discharging its responsibilities;""",7,"""{'left': 0.17642249166965485, 'top': 0.3126484155654907, 'width': 0.709682047367096, 'height': 0.08014433830976486, 'page': 7}"""
"""	(f) ensure that the compliance function is able to engage relevant external expertise to undertake compliance assessments in specific areas4 where necessary;""",List Item,ec892fe9679abba80831f186d7bd8c85,(f) ensure that the compliance function is able to..._ec892fe9679abba80831f186d7bd8c85,"""	(f) ensure that the compliance function is able to engage relevant external expertise to undertake compliance assessments in specific areas4 where necessary;""",7,"""{'left': 0.1766279637813568, 'top': 0.3949447572231293, 'width': 0.7082091569900513, 'height': 0.04744667187333107, 'page': 7}"""
"""	(g) ensure that the compliance function is kept informed of any organisational developments to facilitate the timely identification of compliance risk;""",List Item,4bffa3bce40cc3cff49e1b2a7ca41860,(g) ensure that the compliance function is kept in..._4bffa3bce40cc3cff49e1b2a7ca41860,"""	(g) ensure that the compliance function is kept informed of any organisational developments to facilitate the timely identification of compliance risk;""",7,"""{'left': 0.17663024365901947, 'top': 0.443800687789917, 'width': 0.7076979875564575, 'height': 0.03150887414813042, 'page': 7}"""
"""	(h) report to the board regularly on compliance issues and promptly on any material incidents of non-compliance (for example, failures that may attract a significant risk of legal or regulatory sanction);""",List Item,334fdd9aecc048c657f8ad1d9c0d8a24,(h) report to the board regularly on compliance is..._334fdd9aecc048c657f8ad1d9c0d8a24,"""	(h) report to the board regularly on compliance issues and promptly on any material incidents of non-compliance (for example, failures that may attract a significant risk of legal or regulatory sanction);""",7,"""{'left': 0.17643015086650848, 'top': 0.47719573974609375, 'width': 0.7093079686164856, 'height': 0.04740394651889801, 'page': 7}"""
"""	(i) report to the board at least annually on the effectiveness of the financial institution's overall management of compliance risk in such a manner as to assist the board in carrying out its responsibilities as set out in paragraph 6.2(d); and""",List Item,570902ce5ab35809597f3727115bcd64,(i) report to the board at least annually on the e..._570902ce5ab35809597f3727115bcd64,"""	(i) report to the board at least annually on the effectiveness of the financial institution's overall management of compliance risk in such a manner as to assist the board in carrying out its responsibilities as set out in paragraph 6.2(d); and""",7,"""{'left': 0.1766340732574463, 'top': 0.5259948372840881, 'width': 0.7090150713920593, 'height': 0.06395746022462845, 'page': 7}"""
"""	(j) inform the board of the CCO's cessation from office and the reasons leading to the cessation.""",List Item,c6086e80eb5855c34404bd1e6e7eb06c,(j) inform the board of the CCO's cessation from o..._c6086e80eb5855c34404bd1e6e7eb06c,"""	(j) inform the board of the CCO's cessation from office and the reasons leading to the cessation.""",7,"""{'left': 0.17643548548221588, 'top': 0.5915001034736633, 'width': 0.7082674503326416, 'height': 0.03164960816502571, 'page': 7}"""
"""- S 6.5 In relation to paragraph 6.4(a), senior management must set out principles to be followed by all officers and explain the main processes by which compliance risk is identified and managed. In particular, senior management must make clear in the compliance policy that the primary responsibility to manage compliance risk lies with the business lines and that the establishment of the compliance function does not substitute the primary role of business lines in managing compliance risk. This includes the responsibility of business lines to own, develop and update systems, policies, processes and procedures to manage compliance risk inherent in business activities.""",List Item,04e391fb570851132e2aba3610cd3f86,"- S 6.5 In relation to paragraph 6.4(a), senior ma..._04e391fb570851132e2aba3610cd3f86","""- S 6.5 In relation to paragraph 6.4(a), senior management must set out principles to be followed by all officers and explain the main processes by which compliance risk is identified and managed. In particular, senior management must make clear in the compliance policy that the primary responsibility to manage compliance risk lies with the business lines and that the establishment of the compliance function does not substitute the primary role of business lines in managing compliance risk. This includes the responsibility of business lines to own, develop and update systems, policies, processes and procedures to manage compliance risk inherent in business activities.""",7,"""{'left': 0.062051087617874146, 'top': 0.640476644039154, 'width': 0.8231892585754395, 'height': 0.1461186707019806, 'page': 7}"""
"""- S 6.6 For the purpose of paragraph 6.4(h), senior management must include the following information in its reports:""",List Item,4dc2f2eb485c0582ed2fc60c0f291557,"- S 6.6 For the purpose of paragraph 6.4(h), senio..._4dc2f2eb485c0582ed2fc60c0f291557","""- S 6.6 For the purpose of paragraph 6.4(h), senior management must include the following information in its reports:""",8,"""{'left': 0.06106167286634445, 'top': 0.10021417587995529, 'width': 0.8238763213157654, 'height': 0.03094574809074402, 'page': 8}"""
"""		(a) an identification and assessment of the compliance issues faced by the financial institution. These issues include any significant shortfalls arising from the implementation or execution of internal controls put in place to manage compliance risk;""",List Item,3b48cd8ff2928f24f2fa298b1efca080,(a) an identification and assessment of the compli..._3b48cd8ff2928f24f2fa298b1efca080,"""		(a) an identification and assessment of the compliance issues faced by the financial institution. These issues include any significant shortfalls arising from the implementation or execution of internal controls put in place to manage compliance risk;""",8,"""{'left': 0.1763777732849121, 'top': 0.13250814378261566, 'width': 0.7089900970458984, 'height': 0.06408189982175827, 'page': 8}"""
"""		(b) compliance issues involving any member of senior management of the financial institution, and the status of any associated investigations or other actions being taken; and""",List Item,73aa6377f2e66b06adb91da3f7ce6715,(b) compliance issues involving any member of seni..._73aa6377f2e66b06adb91da3f7ce6715,"""		(b) compliance issues involving any member of senior management of the financial institution, and the status of any associated investigations or other actions being taken; and""",8,"""{'left': 0.17637038230895996, 'top': 0.19802364706993103, 'width': 0.7097339034080505, 'height': 0.04813505709171295, 'page': 8}"""
"""		(c) plans to manage compliance issues, as well as the need for any additional policies or procedures to deal with any new compliance risk.""",List Item,b4204b1963a3e48580a0883910425ccd,"(c) plans to manage compliance issues, as well as ..._b4204b1963a3e48580a0883910425ccd","""		(c) plans to manage compliance issues, as well as the need for any additional policies or procedures to deal with any new compliance risk.""",8,"""{'left': 0.1773737072944641, 'top': 0.24733243882656097, 'width': 0.7077406644821167, 'height': 0.03123200684785843, 'page': 8}"""
"""- S 6.7 In relation to paragraph 6.4(i), senior management must take into account the outcome of the compliance function's assessment of compliance risk as described in paragraph 8.8. The reports must, at minimum, include an assessment of the key compliance risks faced by the financial institution and their implications on the financial institution's capacity to manage compliance risk going forward.""",List Item,bc08a3ba18aa7a08d732dbe4c97dacd4,"- S 6.7 In relation to paragraph 6.4(i), senior ma..._bc08a3ba18aa7a08d732dbe4c97dacd4","""- S 6.7 In relation to paragraph 6.4(i), senior management must take into account the outcome of the compliance function's assessment of compliance risk as described in paragraph 8.8. The reports must, at minimum, include an assessment of the key compliance risks faced by the financial institution and their implications on the financial institution's capacity to manage compliance risk going forward.""",8,"""{'left': 0.061716411262750626, 'top': 0.29680123925209045, 'width': 0.8232949376106262, 'height': 0.0967971459031105, 'page': 8}"""
"""- S 7.1 A financial institution must organise its compliance function in a manner that allows compliance risk to be managed effectively, taking into account the size, nature of operations and complexity of the financial institution's business and the legal and regulatory environment in the jurisdictions or sectors in which it has operations.""",List Item,a37a184403f414dda96b3fb022bd4c9e,- S 7.1 A financial institution must organise its ..._a37a184403f414dda96b3fb022bd4c9e,"""- S 7.1 A financial institution must organise its compliance function in a manner that allows compliance risk to be managed effectively, taking into account the size, nature of operations and complexity of the financial institution's business and the legal and regulatory environment in the jurisdictions or sectors in which it has operations.""",8,"""{'left': 0.06123565137386322, 'top': 0.4522160291671753, 'width': 0.8247426152229309, 'height': 0.08076838403940201, 'page': 8}"""
"""- S 7.2 Where compliance function responsibilities are shared between a dedicated compliance unit and other control functions-""",List Item,f9fb2b33eabb778bf7f7073b6acffb66,- S 7.2 Where compliance function responsibilities..._f9fb2b33eabb778bf7f7073b6acffb66,"""- S 7.2 Where compliance function responsibilities are shared between a dedicated compliance unit and other control functions-""",8,"""{'left': 0.06122613698244095, 'top': 0.5504457354545593, 'width': 0.8227865695953369, 'height': 0.031515203416347504, 'page': 8}"""
"""		(a) the allocation of the compliance function responsibilities, including that for timely communication and escalation of compliance issues to senior management and the board, must be clearly defined and documented in the compliance policy;""",List Item,32a2cb84e0fdce2e66fc429c12918716,(a) the allocation of the compliance function resp..._32a2cb84e0fdce2e66fc429c12918716,"""		(a) the allocation of the compliance function responsibilities, including that for timely communication and escalation of compliance issues to senior management and the board, must be clearly defined and documented in the compliance policy;""",8,"""{'left': 0.17731882631778717, 'top': 0.5833917856216431, 'width': 0.7082092761993408, 'height': 0.06434928625822067, 'page': 8}"""
"""		(b) the CCO must have overall responsibility for coordinating the identification and management of compliance risk at the institution-wide level, and ensuring that compliance monitoring and testing are carried out consistently across the institution;""",List Item,d1a0a67335e5aa245b6eeeaa082e845d,(b) the CCO must have overall responsibility for c..._d1a0a67335e5aa245b6eeeaa082e845d,"""		(b) the CCO must have overall responsibility for coordinating the identification and management of compliance risk at the institution-wide level, and ensuring that compliance monitoring and testing are carried out consistently across the institution;""",8,"""{'left': 0.17751075327396393, 'top': 0.6492383480072021, 'width': 0.7075177431106567, 'height': 0.06393703818321228, 'page': 8}"""
"""		(c) for the purpose of paragraph 7.2(b), the CCO must have a sound understanding of compliance risks which are under the purview of other control functions, including an understanding of controls applied to manage these risks;""",List Item,ef2ecf18947fbf24d2f59a7ad3967864,"(c) for the purpose of paragraph 7.2(b), the CCO m..._ef2ecf18947fbf24d2f59a7ad3967864","""		(c) for the purpose of paragraph 7.2(b), the CCO must have a sound understanding of compliance risks which are under the purview of other control functions, including an understanding of controls applied to manage these risks;""",8,"""{'left': 0.17729932069778442, 'top': 0.7148523330688477, 'width': 0.7088685631752014, 'height': 0.06406053900718689, 'page': 8}"""
"""		(d) arrangements for coordination among the control functions with the CCO and the compliance unit must be in place to ensure that the CCO is able to perform his responsibilities effectively. Arrangements should promote a view and approach to the management of compliance risk that is consistent across the organisation, including through adequate information flows and avenues to seek advice on compliance issues; and""",List Item,2c7647be1e92b542fc76be5e0a9e14a4,(d) arrangements for coordination among the contro..._2c7647be1e92b542fc76be5e0a9e14a4,"""		(d) arrangements for coordination among the control functions with the CCO and the compliance unit must be in place to ensure that the CCO is able to perform his responsibilities effectively. Arrangements should promote a view and approach to the management of compliance risk that is consistent across the organisation, including through adequate information flows and avenues to seek advice on compliance issues; and""",8,"""{'left': 0.17748641967773438, 'top': 0.780353844165802, 'width': 0.7076911330223083, 'height': 0.09657937288284302, 'page': 8}"""
"""		(e) senior management must ensure that officers in other control functions have the capacity and expertise to deliver their broader mandates while providing adequate focus to their compliance function responsibilities.""",List Item,be843c24dda3f19f1ae16dcb3ee0acd0,(e) senior management must ensure that officers in..._be843c24dda3f19f1ae16dcb3ee0acd0,"""		(e) senior management must ensure that officers in other control functions have the capacity and expertise to deliver their broader mandates while providing adequate focus to their compliance function responsibilities.""",9,"""{'left': 0.17637257277965546, 'top': 0.09957676380872726, 'width': 0.7083317041397095, 'height': 0.048627618700265884, 'page': 9}"""
"""- S 7.3 Where the CCO also assumes responsibilities for other control functions, the CCO must ensure that his independence and ability to provide sufficient time, focus and commitment to his responsibilities in respect of the compliance function is not impaired.""",List Item,4ffb5b3a6776c69a888ebce7a3630bcd,- S 7.3 Where the CCO also assumes responsibilitie..._4ffb5b3a6776c69a888ebce7a3630bcd,"""- S 7.3 Where the CCO also assumes responsibilities for other control functions, the CCO must ensure that his independence and ability to provide sufficient time, focus and commitment to his responsibilities in respect of the compliance function is not impaired.""",9,"""{'left': 0.06095804646611214, 'top': 0.16502279043197632, 'width': 0.8239705562591553, 'height': 0.06492720544338226, 'page': 9}"""
"""- S 7.4 In relation to paragraphs 7.2 and 7.3-""",List Item,4dbea03fb547a6c5b4e4e8160f226fb3,- S 7.4 In relation to paragraphs 7.2 and 7.3-_4dbea03fb547a6c5b4e4e8160f226fb3,"""- S 7.4 In relation to paragraphs 7.2 and 7.3-""",9,"""{'left': 0.06103774905204773, 'top': 0.2470092922449112, 'width': 0.4523596167564392, 'height': 0.015059052966535091, 'page': 9}"""
"""		(a) the board must approve the sharing of compliance function responsibilities between a dedicated compliance unit and other control functions; and""",List Item,c98e9a54d02d6b13b61c5d1ed01ff30f,(a) the board must approve the sharing of complian..._c98e9a54d02d6b13b61c5d1ed01ff30f,"""		(a) the board must approve the sharing of compliance function responsibilities between a dedicated compliance unit and other control functions; and""",9,"""{'left': 0.17677809298038483, 'top': 0.26304391026496887, 'width': 0.7077774405479431, 'height': 0.0482030063867569, 'page': 9}"""
"""		(b) compliance function responsibilities cannot be shared with, nor can the CCO assume responsibilities for, internal audit as such practices would render the independent review process described in paragraph 9.1 ineffective.""",List Item,bd4533882412131b8d98e84499fe7d9c,(b) compliance function responsibilities cannot be..._bd4533882412131b8d98e84499fe7d9c,"""		(b) compliance function responsibilities cannot be shared with, nor can the CCO assume responsibilities for, internal audit as such practices would render the independent review process described in paragraph 9.1 ineffective.""",9,"""{'left': 0.1767396330833435, 'top': 0.31239646673202515, 'width': 0.7075261473655701, 'height': 0.06240911781787872, 'page': 9}"""
"""- S 7.5 A large financial institution is required to establish a unit or department, headed by the CCO, which is dedicated to carrying out the compliance function responsibilities set out in paragraph 8. This is to provide necessary focus on the management of compliance risk in view of the inherent complexity and scale of operations of large financial institutions.""",List Item,b29501497f35ec60a1e37a6e5200a75b,- S 7.5 A large financial institution is required ..._b29501497f35ec60a1e37a6e5200a75b,"""- S 7.5 A large financial institution is required to establish a unit or department, headed by the CCO, which is dedicated to carrying out the compliance function responsibilities set out in paragraph 8. This is to provide necessary focus on the management of compliance risk in view of the inherent complexity and scale of operations of large financial institutions.""",9,"""{'left': 0.060798946768045425, 'top': 0.39415407180786133, 'width': 0.8242278099060059, 'height': 0.08177801221609116, 'page': 9}"""
"""- S 7.6 Notwithstanding paragraph 7.3, the CCO of a large financial institution is not allowed to assume the responsibilities of other control functions.""",List Item,614f4361a3bd64ad022d9d007b16da05,"- S 7.6 Notwithstanding paragraph 7.3, the CCO of ..._614f4361a3bd64ad022d9d007b16da05","""- S 7.6 Notwithstanding paragraph 7.3, the CCO of a large financial institution is not allowed to assume the responsibilities of other control functions.""",9,"""{'left': 0.061272017657756805, 'top': 0.4922374486923218, 'width': 0.8238071799278259, 'height': 0.031932175159454346, 'page': 9}"""
"""	- Independence""",List Item,7e6261e9f5d7eb958e43140add281d2e,- Independence_7e6261e9f5d7eb958e43140add281d2e,"""	- Independence""",9,"""{'left': 0.11631713062524796, 'top': 0.5429319739341736, 'width': 0.13564425706863403, 'height': 0.014047225005924702, 'page': 9}"""
"""- S 7.7 The compliance function must be independent of business lines in order to carry out its role as a control function effectively. As such, a financial institution must ensure that the compliance function is not placed in a position where there are real or potential conflicts in respect of its scope of responsibilities, reporting lines or remuneration.""",List Item,6ddd34a51c7da906bc714e16745296c4,- S 7.7 The compliance function must be independen..._6ddd34a51c7da906bc714e16745296c4,"""- S 7.7 The compliance function must be independent of business lines in order to carry out its role as a control function effectively. As such, a financial institution must ensure that the compliance function is not placed in a position where there are real or potential conflicts in respect of its scope of responsibilities, reporting lines or remuneration.""",9,"""{'left': 0.06094525754451752, 'top': 0.5578982830047607, 'width': 0.8238281607627869, 'height': 0.08166135102510452, 'page': 9}"""
"""- S 7.8 A financial institution must ensure that the remuneration of the CCO and officers performing compliance functions are structured in a way that does not compromise their independence (for example, the remuneration must not be related to the financial performance of any particular business line) and must be primarily based on the achievement of their compliance function responsibilities.""",List Item,92f01475aeec68e15b29980123492882,- S 7.8 A financial institution must ensure that t..._92f01475aeec68e15b29980123492882,"""- S 7.8 A financial institution must ensure that the remuneration of the CCO and officers performing compliance functions are structured in a way that does not compromise their independence (for example, the remuneration must not be related to the financial performance of any particular business line) and must be primarily based on the achievement of their compliance function responsibilities.""",9,"""{'left': 0.060870859771966934, 'top': 0.6562669277191162, 'width': 0.8244546055793762, 'height': 0.09833705425262451, 'page': 9}"""
"""- G 7.9 A constructive and cooperative working relationship between the compliance function and business lines can improve the overall identification and management of compliance risk. In practice, this can involve the direct participation of the compliance function in providing legal and regulatory input to business processes or decisions5.""",List Item,081d34781b0f7ab41f94dbe52896a23e,- G 7.9 A constructive and cooperative working rel..._081d34781b0f7ab41f94dbe52896a23e,"""- G 7.9 A constructive and cooperative working relationship between the compliance function and business lines can improve the overall identification and management of compliance risk. In practice, this can involve the direct participation of the compliance function in providing legal and regulatory input to business processes or decisions5.""",9,"""{'left': 0.059798695147037506, 'top': 0.7709450721740723, 'width': 0.8262778520584106, 'height': 0.08185988664627075, 'page': 9}"""
"""- S 7.10 Where such arrangements referred to in paragraph 7.9 exist, a financial institution must ensure that-""",List Item,9aee9c464ce513503b26252dc35e3ad1,- S 7.10 Where such arrangements referred to in pa..._9aee9c464ce513503b26252dc35e3ad1,"""- S 7.10 Where such arrangements referred to in paragraph 7.9 exist, a financial institution must ensure that-""",10,"""{'left': 0.061016447842121124, 'top': 0.09955813735723495, 'width': 0.8240810632705688, 'height': 0.02927055023610592, 'page': 10}"""
"""		(a) the compliance function is not placed in a position of conflict;""",List Item,03f9f972a4a09290c72409b0826aa893,(a) the compliance function is not placed in a pos..._03f9f972a4a09290c72409b0826aa893,"""		(a) the compliance function is not placed in a position of conflict;""",10,"""{'left': 0.17636941373348236, 'top': 0.1323213428258896, 'width': 0.5879548788070679, 'height': 0.015909874811768532, 'page': 10}"""
"""		(b) the accountability of the compliance function is properly documented6 and""",List Item,e301200856ef131fd6a08194a2532e5e,(b) the accountability of the compliance function ..._e301200856ef131fd6a08194a2532e5e,"""		(b) the accountability of the compliance function is properly documented6 and""",10,"""{'left': 0.17655080556869507, 'top': 0.14640261232852936, 'width': 0.7050938010215759, 'height': 0.03202241286635399, 'page': 10}"""
"""		(c) the compliance function is not prevented from highlighting compliance issues relating to any business decisions to the board or senior management, where necessary.""",List Item,8f4f0fef22f99ea2f589709d5b54496e,(c) the compliance function is not prevented from ..._8f4f0fef22f99ea2f589709d5b54496e,"""		(c) the compliance function is not prevented from highlighting compliance issues relating to any business decisions to the board or senior management, where necessary.""",10,"""{'left': 0.17651595175266266, 'top': 0.1813964545726776, 'width': 0.7090973854064941, 'height': 0.04856529459357262, 'page': 10}"""
"""	- Resources""",List Item,0df524eaa89ae4d09e3b49998eb3b771,- Resources_0df524eaa89ae4d09e3b49998eb3b771,"""	- Resources""",10,"""{'left': 0.1170949712395668, 'top': 0.2477380931377411, 'width': 0.10198887437582016, 'height': 0.011490348726511002, 'page': 10}"""
"""- S 7.11 Officers undertaking compliance function responsibilities must have the necessary qualifications and experience. In particular, they must have a sound understanding of relevant legal and regulatory requirements and the implications of such requirements on a financial institution's operations. This includes possessing relevant local knowledge and expertise in respect of the legal and regulatory requirements applicable in the jurisdictions in which the financial institution conducts its activities.""",List Item,171c4f32a161b503f7cd49d3f176afd7,- S 7.11 Officers undertaking compliance function ..._171c4f32a161b503f7cd49d3f176afd7,"""- S 7.11 Officers undertaking compliance function responsibilities must have the necessary qualifications and experience. In particular, they must have a sound understanding of relevant legal and regulatory requirements and the implications of such requirements on a financial institution's operations. This includes possessing relevant local knowledge and expertise in respect of the legal and regulatory requirements applicable in the jurisdictions in which the financial institution conducts its activities.""",10,"""{'left': 0.060587331652641296, 'top': 0.2633134126663208, 'width': 0.8241912722587585, 'height': 0.11126817762851715, 'page': 10}"""
"""- S 7.12 A financial institution must ensure that the compliance function is kept abreast of developments in legal and regulatory requirements by undertaking regular and systematic programmes and training.""",List Item,e7c3fc5b8d7e94bf6784adbe8076aa31,- S 7.12 A financial institution must ensure that ..._e7c3fc5b8d7e94bf6784adbe8076aa31,"""- S 7.12 A financial institution must ensure that the compliance function is kept abreast of developments in legal and regulatory requirements by undertaking regular and systematic programmes and training.""",10,"""{'left': 0.06079026684165001, 'top': 0.3942846953868866, 'width': 0.8252944350242615, 'height': 0.04861094057559967, 'page': 10}"""
"""- G 7.13 As one of the means to develop a strong compliance function, a financial institution should consider mandating or encouraging compliance function officers to possess accredited qualifications in the area of compliance.""",List Item,1d939bc9407cd5dccaa4b0af80767ffe,- G 7.13 As one of the means to develop a strong c..._1d939bc9407cd5dccaa4b0af80767ffe,"""- G 7.13 As one of the means to develop a strong compliance function, a financial institution should consider mandating or encouraging compliance function officers to possess accredited qualifications in the area of compliance.""",10,"""{'left': 0.06023889034986496, 'top': 0.4599452316761017, 'width': 0.824762761592865, 'height': 0.048326846212148666, 'page': 10}"""
"""	- 8 Responsibilities of the compliance function""",List Item,9898aabafc24b8c858516d18f8ca38fc,- 8 Responsibilities of the compliance function_9898aabafc24b8c858516d18f8ca38fc,"""	- 8 Responsibilities of the compliance function""",10,"""{'left': 0.11901407688856125, 'top': 0.5293025970458984, 'width': 0.4748503863811493, 'height': 0.01518462784588337, 'page': 10}"""
"""- S 8.1 A financial institution must ensure that the scope of responsibilities of the compliance function sufficiently cover all businesses, branches and subsidiaries, whether in or outside Malaysia and whether or not an activity is carried out by the financial institution itself or by a third party on its behalf. This means that a financial institution which conducts business internationally through local subsidiaries or branches, or in other jurisdictions where it does not have a physical presence, must also ensure compliance with all local legal and regulatory requirements applicable in those jurisdictions.""",List Item,a9358a0be04319719d773ccfbc5795a5,- S 8.1 A financial institution must ensure that t..._a9358a0be04319719d773ccfbc5795a5,"""- S 8.1 A financial institution must ensure that the scope of responsibilities of the compliance function sufficiently cover all businesses, branches and subsidiaries, whether in or outside Malaysia and whether or not an activity is carried out by the financial institution itself or by a third party on its behalf. This means that a financial institution which conducts business internationally through local subsidiaries or branches, or in other jurisdictions where it does not have a physical presence, must also ensure compliance with all local legal and regulatory requirements applicable in those jurisdictions.""",10,"""{'left': 0.060355059802532196, 'top': 0.566472053527832, 'width': 0.8246958255767822, 'height': 0.13059194386005402, 'page': 10}"""
"""- S 8.2 Where a financial institution has operations in more than one jurisdiction, it must consider the need to establish a local compliance unit or department to discharge independent compliance function responsibilities in respect of its operations in each of these jurisdictions. Where a local compliance unit or department is established, there must be appropriate mechanisms for coordination between the local compliance unit or department and the compliance function of the financial institution, to ensure that compliance risk is managed effectively.""",List Item,84684e7586ba79b1ecf96f92dcadcc16,- S 8.2 Where a financial institution has operatio..._84684e7586ba79b1ecf96f92dcadcc16,"""- S 8.2 Where a financial institution has operations in more than one jurisdiction, it must consider the need to establish a local compliance unit or department to discharge independent compliance function responsibilities in respect of its operations in each of these jurisdictions. Where a local compliance unit or department is established, there must be appropriate mechanisms for coordination between the local compliance unit or department and the compliance function of the financial institution, to ensure that compliance risk is managed effectively.""",10,"""{'left': 0.0610051229596138, 'top': 0.7141790390014648, 'width': 0.8251497745513916, 'height': 0.13071024417877197, 'page': 10}"""
"""- S 8.3 The manner in which the compliance function discharges its responsibilities must be reflective of its assessment of the level and impact of the compliance risk facing a financial institution. Accordingly, the compliance function must give greater focus to areas where compliance risk is assessed to be high, while preserving appropriate coverage of all compliance risks identified.""",List Item,ed52fd5d938ac244819ec751f1b0eae3,- S 8.3 The manner in which the compliance functio..._ed52fd5d938ac244819ec751f1b0eae3,"""- S 8.3 The manner in which the compliance function discharges its responsibilities must be reflective of its assessment of the level and impact of the compliance risk facing a financial institution. Accordingly, the compliance function must give greater focus to areas where compliance risk is assessed to be high, while preserving appropriate coverage of all compliance risks identified.""",11,"""{'left': 0.06146983057260513, 'top': 0.099384605884552, 'width': 0.823824405670166, 'height': 0.08218538761138916, 'page': 11}"""
"""	- Identification, assessment and monitoring of compliance risk""",List Item,a87a4f1c94d8291f602925faa873c4b8,"- Identification, assessment and monitoring of com..._a87a4f1c94d8291f602925faa873c4b8","""	- Identification, assessment and monitoring of compliance risk""",11,"""{'left': 0.1164177656173706, 'top': 0.1975799798965454, 'width': 0.5878803730010986, 'height': 0.01586645469069481, 'page': 11}"""
"""- S 8.4 The compliance function must identify and assess the compliance risk associated with a financial institution's activities. This requires the compliance function to have adequate knowledge and exposure to key business processes of the financial institution and keep up with material changes in the financial institution's business.""",List Item,63f9a7375e9087b9974612325f288586,- S 8.4 The compliance function must identify and ..._63f9a7375e9087b9974612325f288586,"""- S 8.4 The compliance function must identify and assess the compliance risk associated with a financial institution's activities. This requires the compliance function to have adequate knowledge and exposure to key business processes of the financial institution and keep up with material changes in the financial institution's business.""",11,"""{'left': 0.06157734990119934, 'top': 0.21413585543632507, 'width': 0.8244060277938843, 'height': 0.07930110394954681, 'page': 11}"""
"""- S 8.5 The compliance function must use a range of indicators to identify, assess and systematically monitor the level of compliance risk. These indicators may be qualitative or quantitative in nature and may include, but are not limited to, trends in customer complaints, irregular trading or payments activity and assessments by regulatory authorities.""",List Item,d1a5a61d018bf7dc257c68d657c4fb81,- S 8.5 The compliance function must use a range o..._d1a5a61d018bf7dc257c68d657c4fb81,"""- S 8.5 The compliance function must use a range of indicators to identify, assess and systematically monitor the level of compliance risk. These indicators may be qualitative or quantitative in nature and may include, but are not limited to, trends in customer complaints, irregular trading or payments activity and assessments by regulatory authorities.""",11,"""{'left': 0.060787398368120193, 'top': 0.31194210052490234, 'width': 0.8246362805366516, 'height': 0.08196262270212173, 'page': 11}"""
"""- S 8.6 The compliance function must perform appropriate tests to evaluate the adequacy of internal controls put in place to manage compliance risk and promptly follow up on any identified deficiencies and plans to address such deficiencies.""",List Item,e4d4c6ef70964693f9e75c44893fb849,- S 8.6 The compliance function must perform appro..._e4d4c6ef70964693f9e75c44893fb849,"""- S 8.6 The compliance function must perform appropriate tests to evaluate the adequacy of internal controls put in place to manage compliance risk and promptly follow up on any identified deficiencies and plans to address such deficiencies.""",11,"""{'left': 0.06097225099802017, 'top': 0.4103037416934967, 'width': 0.8241735696792603, 'height': 0.06342371553182602, 'page': 11}"""
"""- S 8.7 Where the testing of internal controls is performed by the compliance function on a sampling basis-""",List Item,b996659e31f1a31fd6cfbd2a7c13edb1,- S 8.7 Where the testing of internal controls is ..._b996659e31f1a31fd6cfbd2a7c13edb1,"""- S 8.7 Where the testing of internal controls is performed by the compliance function on a sampling basis-""",11,"""{'left': 0.060929205268621445, 'top': 0.4918139576911926, 'width': 0.8237910866737366, 'height': 0.03310907632112503, 'page': 11}"""
"""		(a) such testing must be commensurate with the level of compliance risk identified in the business process (for example, as reflected in the frequency or volume of transactions); and""",List Item,30058f856ba84f39a4ef587e24f0ef21,(a) such testing must be commensurate with the lev..._30058f856ba84f39a4ef587e24f0ef21,"""		(a) such testing must be commensurate with the level of compliance risk identified in the business process (for example, as reflected in the frequency or volume of transactions); and""",11,"""{'left': 0.17649661004543304, 'top': 0.5254982709884644, 'width': 0.7090728878974915, 'height': 0.048814594745635986, 'page': 11}"""
"""		(b) the sample must be representative of the different types of internal controls implemented at different stages of business processes within a financial institution.""",List Item,91537bc9017efd79c608b71050a125c6,(b) the sample must be representative of the diffe..._91537bc9017efd79c608b71050a125c6,"""		(b) the sample must be representative of the different types of internal controls implemented at different stages of business processes within a financial institution.""",11,"""{'left': 0.17625781893730164, 'top': 0.5743430852890015, 'width': 0.7092295289039612, 'height': 0.04652322828769684, 'page': 11}"""
"""	- Reporting of compliance risk""",List Item,d13c26f4227bcad1aa4331f6e7856f1c,- Reporting of compliance risk_d13c26f4227bcad1aa4331f6e7856f1c,"""	- Reporting of compliance risk""",11,"""{'left': 0.11615510284900665, 'top': 0.6406891345977783, 'width': 0.2788185179233551, 'height': 0.01502353884279728, 'page': 11}"""
"""- S 8.8 The CCO must report to senior management on a regular basis the findings and analyses of compliance risk. The report must include at minimum-""",List Item,0535171ad1204d0c05d28b16a437a17c,- S 8.8 The CCO must report to senior management o..._0535171ad1204d0c05d28b16a437a17c,"""- S 8.8 The CCO must report to senior management on a regular basis the findings and analyses of compliance risk. The report must include at minimum-""",11,"""{'left': 0.061748649924993515, 'top': 0.6560623049736023, 'width': 0.8239525556564331, 'height': 0.033139780163764954, 'page': 11}"""
"""		(a) the results of the compliance risk assessment undertaken during the assessment period, highlighting key changes in the compliance risk profile of a financial institution as well as areas where greater attention by senior management would be needed;""",List Item,26ef19b6fb4a8ebfebff05e1287c3767,(a) the results of the compliance risk assessment ..._26ef19b6fb4a8ebfebff05e1287c3767,"""		(a) the results of the compliance risk assessment undertaken during the assessment period, highlighting key changes in the compliance risk profile of a financial institution as well as areas where greater attention by senior management would be needed;""",11,"""{'left': 0.1756468117237091, 'top': 0.6890881061553955, 'width': 0.710322380065918, 'height': 0.06564956903457642, 'page': 11}"""
"""		(b) a summary of incidents of non-compliance and deficiencies in the management of compliance risk in various parts of the financial institution;""",List Item,201744c9299b9836705b537f22245003,(b) a summary of incidents of non-compliance and d..._201744c9299b9836705b537f22245003,"""		(b) a summary of incidents of non-compliance and deficiencies in the management of compliance risk in various parts of the financial institution;""",11,"""{'left': 0.17562073469161987, 'top': 0.7546199560165405, 'width': 0.7093748450279236, 'height': 0.03274190053343773, 'page': 11}"""
"""		(c) an assessment of the impact (both financial and non-financial) of such incidents on the financial institution (for example, fines, administrative or""",List Item,195aa161c122d502ac0dea7aa47cf042,(c) an assessment of the impact (both financial an..._195aa161c122d502ac0dea7aa47cf042,"""		(c) an assessment of the impact (both financial and non-financial) of such incidents on the financial institution (for example, fines, administrative or""",11,"""{'left': 0.1760987788438797, 'top': 0.78756183385849, 'width': 0.7101607918739319, 'height': 0.03228190913796425, 'page': 11}"""
"""			- otherwise, or other disciplinary actions taken by any regulatory authority in respect of any officers of the financial institution);""",List Item,7f1ae1dd2688b1c823daeb82c389dcd6,"- otherwise, or other disciplinary actions taken b..._7f1ae1dd2688b1c823daeb82c389dcd6","""			- otherwise, or other disciplinary actions taken by any regulatory authority in respect of any officers of the financial institution);""",12,"""{'left': 0.22578558325767517, 'top': 0.10034095495939255, 'width': 0.6587790846824646, 'height': 0.03078940138220787, 'page': 12}"""
"""		(d) recommendations of corrective measures to address incidents of non- compliance and deficiencies in the management of compliance risk, including disciplinary actions;""",List Item,6b56503ce4ba8da3d9ba5d92c8e4aed9,(d) recommendations of corrective measures to addr..._6b56503ce4ba8da3d9ba5d92c8e4aed9,"""		(d) recommendations of corrective measures to address incidents of non- compliance and deficiencies in the management of compliance risk, including disciplinary actions;""",12,"""{'left': 0.1765880137681961, 'top': 0.1317014843225479, 'width': 0.7086772918701172, 'height': 0.04891423508524895, 'page': 12}"""
"""		(e) a record of corrective measures already taken and an assessment of the adequacy and effectiveness of such measures; and""",List Item,2003efeabd745460f4969ec624fd665d,(e) a record of corrective measures already taken ..._2003efeabd745460f4969ec624fd665d,"""		(e) a record of corrective measures already taken and an assessment of the adequacy and effectiveness of such measures; and""",12,"""{'left': 0.17638346552848816, 'top': 0.18167324364185333, 'width': 0.7074264883995056, 'height': 0.03184608742594719, 'page': 12}"""
"""		(f) insights and observations regarding the compliance culture that exists in the organisation or in specific parts of the organisation that may give rise to compliance concerns.""",List Item,dd079c2998c82fa7814742328bbba975,(f) insights and observations regarding the compli..._dd079c2998c82fa7814742328bbba975,"""		(f) insights and observations regarding the compliance culture that exists in the organisation or in specific parts of the organisation that may give rise to compliance concerns.""",12,"""{'left': 0.17688319087028503, 'top': 0.21486814320087433, 'width': 0.7070115208625793, 'height': 0.04721764847636223, 'page': 12}"""
"""- S 8.9 The CCO must ensure that the reports referred to in paragraph 8.8 are readily available to the internal audit function of the financial institution, the Bank and other regulatory authorities upon request.""",List Item,6cf04fc7a955f2d7df8ea100ec7af539,- S 8.9 The CCO must ensure that the reports refer..._6cf04fc7a955f2d7df8ea100ec7af539,"""- S 8.9 The CCO must ensure that the reports referred to in paragraph 8.8 are readily available to the internal audit function of the financial institution, the Bank and other regulatory authorities upon request.""",12,"""{'left': 0.06079570949077606, 'top': 0.2801981270313263, 'width': 0.8244695067405701, 'height': 0.047475434839725494, 'page': 12}"""
"""	- Advisory""",List Item,57633bcdded147683c36017c16c03fc8,- Advisory_57633bcdded147683c36017c16c03fc8,"""	- Advisory""",12,"""{'left': 0.11699316650629044, 'top': 0.3462098240852356, 'width': 0.08680185675621033, 'height': 0.014352662488818169, 'page': 12}"""
"""- S 8.10 The compliance function must advise the board, senior management and officers on legal and regulatory requirements. This includes keeping them informed on the developments affecting legal and regulatory requirements and providing the board and senior management with an assessment of their implications on a financial institution's compliance risk profile and capacity to manage compliance risk going forward.""",List Item,c723d9c9bc4a743a7315504e2c11416b,- S 8.10 The compliance function must advise the b..._c723d9c9bc4a743a7315504e2c11416b,"""- S 8.10 The compliance function must advise the board, senior management and officers on legal and regulatory requirements. This includes keeping them informed on the developments affecting legal and regulatory requirements and providing the board and senior management with an assessment of their implications on a financial institution's compliance risk profile and capacity to manage compliance risk going forward.""",12,"""{'left': 0.061032675206661224, 'top': 0.3618372678756714, 'width': 0.8241170048713684, 'height': 0.09715412557125092, 'page': 12}"""
"""	- Guidance and training""",List Item,dce78db6099050aeb8160ecffbf1ff18,- Guidance and training_dce78db6099050aeb8160ecffbf1ff18,"""	- Guidance and training""",12,"""{'left': 0.1176854595541954, 'top': 0.47715428471565247, 'width': 0.21206991374492645, 'height': 0.014555166475474834, 'page': 12}"""
"""- S 8.11 The compliance function is responsible for ensuring that adequate training is provided to officers of a financial institution on relevant legal and regulatory requirements governing the financial institution's activities. Such training must be timely and must clearly explain how the requirements apply in the specific context of the financial institution's operations. The compliance function must be able to provide guidance to officers of the financial institution on the implementation of internal controls to manage compliance risk.""",List Item,fc2e0f615469f18d6f4a14975f4d2aea,- S 8.11 The compliance function is responsible fo..._fc2e0f615469f18d6f4a14975f4d2aea,"""- S 8.11 The compliance function is responsible for ensuring that adequate training is provided to officers of a financial institution on relevant legal and regulatory requirements governing the financial institution's activities. Such training must be timely and must clearly explain how the requirements apply in the specific context of the financial institution's operations. The compliance function must be able to provide guidance to officers of the financial institution on the implementation of internal controls to manage compliance risk.""",12,"""{'left': 0.06126778945326805, 'top': 0.4927617013454437, 'width': 0.824070394039154, 'height': 0.1138421818614006, 'page': 12}"""
"""	- 9 Responsibilities of the internal audit function""",List Item,0c30c80e8079513bcfb42217d016f720,- 9 Responsibilities of the internal audit functio..._0c30c80e8079513bcfb42217d016f720,"""	- 9 Responsibilities of the internal audit function""",12,"""{'left': 0.11867818981409073, 'top': 0.6280072331428528, 'width': 0.49059465527534485, 'height': 0.015162377618253231, 'page': 12}"""
"""- S 9.1 A financial institution must ensure that there is a clear separation of the internal audit function and other functions carrying out compliance function responsibilities. Compliance risk must be included in the risk assessment methodology of the internal audit function, and an audit programme that covers the adequacy and effectiveness of the other functions carrying out compliance function responsibilities should be established, including testing of controls commensurate with the perceived level of risk.""",List Item,98d7434318b67e1256f563bf7fd13472,- S 9.1 A financial institution must ensure that t..._98d7434318b67e1256f563bf7fd13472,"""- S 9.1 A financial institution must ensure that there is a clear separation of the internal audit function and other functions carrying out compliance function responsibilities. Compliance risk must be included in the risk assessment methodology of the internal audit function, and an audit programme that covers the adequacy and effectiveness of the other functions carrying out compliance function responsibilities should be established, including testing of controls commensurate with the perceived level of risk.""",12,"""{'left': 0.06049193814396858, 'top': 0.6656016707420349, 'width': 0.8249260187149048, 'height': 0.11306404322385788, 'page': 12}"""
"""- S 9.2 The internal audit function is required to inform senior management, including the CCO, of any incidents of non-compliance which it discovers.""",List Item,77753d65f6bb7faa073b792cdca96ed7,- S 9.2 The internal audit function is required to..._77753d65f6bb7faa073b792cdca96ed7,"""- S 9.2 The internal audit function is required to inform senior management, including the CCO, of any incidents of non-compliance which it discovers.""",12,"""{'left': 0.060738347470760345, 'top': 0.7966153621673584, 'width': 0.8240081071853638, 'height': 0.03120584785938263, 'page': 12}"""
